<?xml version="1.0" encoding="UTF-8"?>
<project-private xmlns="http://www.netbeans.org/ns/project-private/1">
    <editor-bookmarks xmlns="http://www.netbeans.org/ns/editor-bookmarks/2" lastBookmarkId="0"/>
    <open-files xmlns="http://www.netbeans.org/ns/projectui-open-files/2">
        <group>
            <file>file:/D:/AED%205100/Assignment/patel_nishant_002796854/LibraryManagementSystem_A3/src/UI/Customer/RentHistoryJPanel.java</file>
            <file>file:/D:/AED%205100/Assignment/patel_nishant_002796854/LibraryManagementSystem_A3/src/UI/Customer/RequestIssueJPanel.java</file>
            <file>file:/D:/AED%205100/Assignment/patel_nishant_002796854/LibraryManagementSystem_A3/src/UI/BranchManager/ViewIssuesJPanel.java</file>
            <file>file:/D:/AED%205100/Assignment/patel_nishant_002796854/LibraryManagementSystem_A3/src/UI/BranchManager/BranchManagerJFrame.java</file>
            <file>file:/D:/AED%205100/Assignment/patel_nishant_002796854/LibraryManagementSystem_A3/src/Services/RentRequestDirectory.java</file>
            <file>file:/D:/AED%205100/Assignment/patel_nishant_002796854/LibraryManagementSystem_A3/src/Customer/CustomerDirectory.java</file>
            <file>file:/D:/AED%205100/Assignment/patel_nishant_002796854/LibraryManagementSystem_A3/src/Branch/UserAccountDirectory.java</file>
            <file>file:/D:/AED%205100/Assignment/patel_nishant_002796854/LibraryManagementSystem_A3/src/UI/SystemAdmin/AddEmployeeJPanel.java</file>
            <file>file:/D:/AED%205100/Assignment/patel_nishant_002796854/LibraryManagementSystem_A3/src/UI/Customer/CustomerJFrame.java</file>
            <file>file:/D:/AED%205100/Assignment/patel_nishant_002796854/LibraryManagementSystem_A3/src/UI/BranchManager/ViewRevenueJPanel.java</file>
            <file>file:/D:/AED%205100/Assignment/patel_nishant_002796854/LibraryManagementSystem_A3/src/UI/Login/MainJFrame.java</file>
            <file>file:/D:/AED%205100/Assignment/patel_nishant_002796854/LibraryManagementSystem_A3/src/UI/SystemAdmin/AddCustomerJPanel.java</file>
            <file>file:/D:/AED%205100/Assignment/patel_nishant_002796854/LibraryManagementSystem_A3/src/Library/Library.java</file>
            <file>file:/D:/AED%205100/Assignment/patel_nishant_002796854/LibraryManagementSystem_A3/src/UI/BranchManager/ViewMaterialsJPanel.java</file>
            <file>file:/D:/AED%205100/Assignment/patel_nishant_002796854/LibraryManagementSystem_A3/src/UI/Customer/ViewMaterialJPanel.java</file>
            <file>file:/D:/AED%205100/Assignment/patel_nishant_002796854/LibraryManagementSystem_A3/src/UI/Librarian/BookIssueRequestJPanel.java</file>
            <file>file:/D:/AED%205100/Assignment/patel_nishant_002796854/LibraryManagementSystem_A3/src/Services/RentRequest.java</file>
        </group>
    </open-files>
</project-private>
